Workbook

Sheet Rekap
A2: Rupiah | H2: Dollar USD
A3: Tanggal | B3: Nama | C3: Kode Area | D3: Uang Masuk | E3: Uang Keluar | F3: Saldo | H3: Nama | I3: Kode Area | J3: Uang Masuk | K3: Uang Keluar | L3: Saldo
B4: Uang Marmer | C4: K9 | D4: 153140000 | E4: 0 | F4: =D4-E4 -> 153140000 | H4: Uang Masuk | J4: 100100 | K4: 0 | L4: =J4-K4 -> 100100
A5: 45746 | B5: DP Marmer | C5: K9 | D5: 0 | E5: 82000000 | F5: =D4-E5 -> 71140000 | H5: DP Alure | I5: K9 | J5: 0 | K5: 70000 | L5: =L4+J5-K5 -> 30100
B6: Bayar UPVC | C6: K9 | D6: 135000000 | E6: 0 | F6: =F5+D6-E6 -> 206140000 | H6: Tukar menjadi Rupiah | J6: 0 | K6: 30100 | L6: =L5+J6-K6 -> 0
B7: DP UPVC Tahap 1 | C7: C21 | D7: 0 | E7: 50000000 | F7: =F6+D7-E7 -> 156140000 | H7: Uang Masuk | J7: 90000 | K7: 0 | L7: =L6+J7-K7 -> 90000
B8: Uang masuk Tukar 30.100 USD | C8: K9 | D8: 487467000 | E8: 0 | F8: =F7+D8-E8 -> 643607000 | H8: Pelunasan Allure | K8: 90000 | L8: =L7+J8-K8 -> 0
B9: Bayar AC Daikin DP 30% | C9: C21 | D9: 0 | E9: 54080000 | F9: =F8+D9-E9 -> 589527000 | L9: =L8+J9-K9 -> 0
B10: Lantai Kamar Utama dan Anak | C10: C21 | D10: 0 | E10: 28039600 | F10: =F9+D10-E10 -> 561487400 | L10: =L9+J10-K10 -> 0
B11: Kramik Kamar Mandi, Garasi, Teras | C11: C21 | D11: 0 | E11: 40453950 | F11: =F10+D11-E11 -> 521033450 | L11: =L10+J11-K11 -> 0
B12: Pembayaran Tahap 2 UPVC | C12: C21 | D12: 0 | E12: 50000000 | F12: =F11+D12-E12 -> 471033450 | L12: =L11+J12-K12 -> 0
B13: Cat Tembok | C13: C21 | D13: 0 | E13: 9743000 | F13: =F12+D13-E13 -> 461290450 | L13: =L12+J13-K13 -> 0
B14: Plamir Tambahan | C14: C21 | D14: 0 | E14: 400000 | F14: =F13+D14-E14 -> 460890450 | L14: =L13+J14-K14 -> 0
B15: Solar Heater | C15: C21 | D15: 0 | E15: 26000000 | F15: =F14+D15-E15 -> 434890450 | L15: =L14+J15-K15 -> 0
B16: Starlink Internet | C16: C21 | D16: 0 | E16: 8145000 | F16: =F15+D16-E16 -> 426745450 | L16: =L15+J16-K16 -> 0
B17: Saklar dan Colokan Snider | C17: C21 | D17: 0 | E17: 3849300 | F17: =F16+D17-E17 -> 422896150 | L17: =L16+J17-K17 -> 0
A18: 45453 | B18: DP Lift Schindler | C18: K9 | D18: 0 | E18: 210900000 | F18: =F17+D18-E18 -> 211996150 | L18: =L17+J18-K18 -> 0
B19: DP Interior Ruang utama | C19: C21 | D19: 0 | E19: 66600000 | F19: =F18+D19-E19 -> 145396150 | L19: =L18+J19-K19 -> 0
B20: Pembayaran Tahap 3 UPVC | C20: C21 | D20: 0 | E20: 10000000 | F20: =F19+D20-E20 -> 135396150 | L20: =L19+J20-K20 -> 0
B21: Handle Pintu Belakang Bardi | C21: C21 | D21: 0 | E21: 2174000 | F21: =F20+D21-E21 -> 133222150 | L21: =L20+J21-K21 -> 0
B22: Ongkos Pasang | C22: C21 | E22: 600000 | F22: =F21+D22-E22 -> 132622150 | L22: =L21+J22-K22 -> 0
B23: Saklar dan Colokan Snider | C23: C21 | D23: 0 | E23: 4503100 | F23: =F22+D23-E23 -> 128119050 | L23: =L22+J23-K23 -> 0
B24: Handle Pintu Utama Bardi | C24: C21 | D24: 0 | E24: 4400000 | F24: =F23+D24-E24 -> 123719050 | L24: =L23+J24-K24 -> 0
B25: Ongkos Pasang | C25: C21 | E25: 400000 | F25: =F24+D25-E25 -> 123319050 | L25: =L24+J25-K25 -> 0
B26: Cat ruang dalam | C26: C21 | D26: 0 | E26: 4426000 | F26: =F25+D26-E26 -> 118893050 | L26: =L25+J26-K26 -> 0
B27: Sink Dapur Bersih | C27: C21 | D27: 0 | E27: 3336500 | F27: =F26+D27-E27 -> 115556550 | L27: =L26-K27 -> 0
B28: Sink Dapur Kotor | C28: C21 | D28: 0 | E28: 2067400 | F28: =F27+D28-E28 -> 113489150 | L28: =L27-K28 -> 0
B29: Lantai Kamar Utama | C29: C21 | D29: 0 | E29: =801400+120000 -> 921400 | F29: =F28+D29-E29 -> 112567750 | L29: =L28-K29 -> 0
B30: DP UPVC Tahap 4 | C30: C21 | D30: 0 | E30: 25000000 | F30: =F29+D30-E30 -> 87567750 | L30: =L29-K30 -> 0
B31: Pembelin silent | C31: C21 | D31: 0 | E31: 405200 | F31: =F30+D31-E31 -> 87162550 | L31: =L30-K31 -> 0
B32: Uang Masuk Rupiah | D32: 280000000 | E32: 0 | F32: =F31+D32-E32 -> 367162550 | L32: =L31-K32 -> 0
B33: Uang Masuk Tukar $ 19.900 | D33: 325365000 | E33: 0 | F33: =F32+D33-E33 -> 692527550 | L33: =L32-K33 -> 0
A34: 45475 | B34: DP infinity Kramik | C34: K9 | D34: 0 | E34: 222781440 | F34: =F33+D34-E34 -> 469746110 | L34: =L33-K34 -> 0
B35: Pembelian Cat Luar | C35: C21 | D35: 0 | E35: 3668000 | F35: =F34+D35-E35 -> 466078110 | L35: =L34-K35 -> 0
B36: Pelunasan AC | C36: C21 | D36: 0 | E36: 87370000 | F36: =F35+D36-E36 -> 378708110 | L36: =L35-K36 -> 0
B37: Pembayaran Interior tahap 2 | C37: C21 | D37: 0 | E37: 61500000 | F37: =F36+D37-E37 -> 317208110 | L37: =L36-K37 -> 0
B38: Saklar dan Colokan Snider | C38: C21 | D38: 0 | E38: 1262432 | F38: =F37+D38-E38 -> 315945678 | L38: =L37-K38 -> 0
B39: Shower Box Semua kamar mandi | C39: C21 | D39: 0 | E39: 23265000 | F39: =F38+D39-E39 -> 292680678 | L39: =L38-K39 -> 0
B40: Penambahan Interior | C40: C21 | D40: 0 | E40: 2002000 | F40: =F39+D40-E40 -> 290678678 | L40: =L39-K40 -> 0
B41: Pembelian Keran Sink Pantry | C41: C21 | D41: 0 | E41: 703250 | F41: =F40+D41-E41 -> 289975428 | L41: =L40-K41 -> 0
B42: Motor Listrik | C42: Lainnya | D42: 0 | E42: 34750000 | F42: =F41+D42-E42 -> 255225428 | L42: =L41-K42 -> 0
B43: Uang Masuk Rupiah | D43: 750000000 | E43: 0 | F43: =F42+D43-E43 -> 1005225428 | L43: =L42-K43 -> 0
B44: Kramik Tambahan | C44: C21 | D44: 0 | E44: 3940500 | F44: =F43+D44-E44 -> 1001284928 | L44: =L43-K44 -> 0
B45: Pelunasan Interior | C45: C21 | D45: 0 | E45: 62050000 | F45: =F44+D45-E45 -> 939234928 | L45: =L44-K45 -> 0
B46: Pembuatan Jendela KM | C46: C21 | D46: 0 | E46: 9050000 | F46: =F45+D46-E46 -> 930184928 | L46: =L45-K46 -> 0
B47: Pembuatan Jendela dan Pintu ART | C47: C21 | D47: 0 | E47: 3430000 | F47: =F46+D47-E47 -> 926754928 | L47: =L46-K47 -> 0
B48: Beli Smar Lock Kamar Utama | C48: C21 | D48: 0 | E48: 1161150 | F48: =F47+D48-E48 -> 925593778 | L48: =L47-K48 -> 0
B49: Colokan Tambahan Kamar Utama | C49: C21 | D49: 0 | E49: 1324926 | F49: =F48+D49-E49 -> 924268852 | L49: =L48-K49 -> 0
B50: Beli Cat luar | C50: C21 | D50: 0 | E50: 3668000 | F50: =F49+D50-E50 -> 920600852 | L50: =L49-K50 -> 0
B51: Mesin Kolam renang | C51: C21 | D51: 0 | E51: 29525000 | F51: =F50+D51-E51 -> 891075852 | L51: =L50-K51 -> 0
B52: CCTV | C52: C21 | D52: 0 | E52: 1582000 | F52: =F51+D52-E52 -> 889493852 | L52: =L51-K52 -> 0
A53: 45503 | B53: DP Astral | C53: K9 | D53: 0 | E53: 325557023 | F53: =F52+D53-E53 -> 563936829 | L53: =L52-K53 -> 0
B54: DP Lemari Laundry Room | C54: C21 | D54: 0 | E54: 7080000 | F54: =F53+D54-E54 -> 556856829 | L54: =L53-K54 -> 0
B55: Lemari Laundry Room | C55: C21 | D55: 0 | E55: 5310000 | F55: =F54+D55-E55 -> 551546829
B56: CCTV | C56: C21 | D56: 0 | E56: 688100 | F56: =F55+D56-E56 -> 550858729
A57: 45523 | B57: Pembayaran DP AC Daikin | C57: K9 | D57: 0 | E57: 404825000 | F57: =F56+D57-E57 -> 146033729
B58: Pelunasan Interior Laundy Room | C58: C21 | D58: 0 | E58: 5310000 | F58: =F57+D58-E58 -> 140723729
B59: Pembersihan Kolam Renang | C59: C21 | D59: 0 | E59: 5580000 | F59: =F58+D59-E59 -> 135143729
B60: Pengerjaan Kanopi Belakang | C60: C21 | D60: 0 | E60: 19600000 | F60: =F59+D60-E60 -> 115543729
B61: Pembelian Lampu Taman | C61: C21 | D61: 0 | E61: 1026950 | F61: =F60+D61-E61 -> 114516779
B62: Bell Rumah | C62: C21 | D62: 0 | E62: 447440 | F62: =F61+D62-E62 -> 114069339
B63: Kipas Angin ruang ART | C63: C21 | D63: 0 | E63: 357950 | F63: =F62+D63-E63 -> 113711389
A64: 45565 | B64: Pembayaran Tahap 2 Interior | C64: K9 | D64: 0 | E64: 94800000 | F64: =F63+D64-E64 -> 18911389
B65: Door closer | C65: C21 | D65: 0 | E65: 699500 | F65: =F64+D65-E65 -> 18211889
B66: Listrik C21 | C66: C21 | D66: 0 | E66: 5066157 | F66: =F65+D66-E66 -> 13145732
B67: DP Kabinet Master Bedroom | C67: C21 | D67: 0 | E67: 15280000 | F67: =F66+D67-E67 -> -2134268
B68: Ppf Lexus | C68: Lainnya | D68: 0 | E68: 69539080 | F68: =F67+D68-E68 -> -71673348
B69: Meals | C69: Lainnya | D69: 0 | E69: 11109588 | F69: =F68+D69-E69 -> -82782936
B70: Masuk 100.000 SGD | D70: =11940*100000 -> 1194000000 | E70: 0 | F70: =F69+D70-E70 -> 1111217064
A71: 45614 | B71: DP Plafond | C71: K9 | D71: 0 | E71: 487750000 | F71: =F70+D71-E71 -> 623467064
A72: 45610 | B72: DP Tambahan Allure | C72: K9 | D72: 0 | E72: 214058250 | F72: =F71+D72-E72 -> 409408814 | G72: dihitung USD
B73: Pelunasan Kabinet Master Bedroom | C73: C21 | D73: 0 | E73: 12457500 | F73: =F72+D73-E73 -> 396951314
A74: 45629 | B74: DP Kohler Sanitary | C74: K9 | D74: 0 | E74: 115251714 | F74: =F73+D74-E74 -> 281699600
A75: 45632 | B75: DP Pemasangan Marmer Isra | C75: K9 | D75: 0 | E75: 80000000 | F75: =F74+D75-E75 -> 201699600
B76: Masuk 50.000 SGD | D76: 600000000 | E76: 0 | F76: =F75+D76-E76 -> 801699600
A77: 45649 | B77: Pelunasan Marmer Sentul | C77: K9 | D77: 0 | E77: 358900000 | F77: =F76+D77-E77 -> 442799600
A78: 45651 | B78: Pelunasan Matrial AC tahap 1 | C78: K9 | D78: 0 | E78: 250000000 | F78: =F77+D78-E78 -> 192799600
A79: 45660 | B79: Special Lighting | C79: K9 | D79: 0 | E79: 95000000 | F79: =F78+D79-E79 -> 97799600
A80: 45644 | B80: Pembelian Kabel Internet | C80: K9 | D80: 0 | E80: 2500000 | F80: =F79+D80-E80 -> 95299600
B81: Pemeliharaan Kolam | C81: C21 | D81: 0 | E81: 900000 | F81: =F80+D81-E81 -> 94399600
B82: Pembayaran starlink 4 bulan | C82: C21 | D82: 0 | E82: =750000*4 -> 3000000 | F82: =F81+D82-E82 -> 91399600
B83: Masuk 50.000 SGD | C83: Lainnya | D83: 600000000 | E83: 0 | F83: =F82+D83-E83 -> 691399600
A84: 45663 | B84: Pelunasan Fee Arsitek | C84: K9 | D84: 0 | E84: 115000000 | F84: =F83+D84-E84 -> 576399600
B85: Gift | C85: Lainnya | D85: 0 | E85: 100000000 | F85: =F84+D85-E85 -> 476399600
A86: 45660 | B86: Railing Tangga Melingkar | C86: K9 | D86: 0 | E86: 15000000 | F86: =F85+D86-E86 -> 461399600
A87: 45665 | B87: Marmer Isra untuk teras dan powder | C87: K9 | D87: 0 | E87: 106000000 | F87: =F86+D87-E87 -> 355399600
A88: 45666 | B88: Pelunasan Material AC Tahap 2 | C88: K9 | D88: 0 | E88: 250000000 | F88: =F87+D88-E88 -> 105399600
A89: 45666 | B89: Pembelian Batu Andesit | C89: K9 | D89: 0 | E89: 18000000 | F89: =F88+D89-E89 -> 87399600
A90: 45669 | B90: DP untuk Pagar | C90: K9 | E90: 15000000 | F90: =F89+D90-E90 -> 72399600
A91: 45665 | B91: Commitment Fee Buildec | C91: K9 | E91: 10000000 | F91: =F90+D91-E91 -> 62399600
A92: 45669 | B92: Pembelian Batu Andesit | C92: K9 | D92: 0 | E92: 18000000 | F92: =F91+D92-E92 -> 44399600
B93: Masuk 50.000 SGD | D93: 1200000000 | E93: 0 | F93: =F92+D93-E93 -> 1244399600
A94: 45671 | B94: Marmer Isra untuk Function room | C94: K9 | E94: 221400000 | F94: =F93+D94-E94 -> 1022999600
A95: 45671 | B95: Ongkos Pasang Fuction | C95: K9 | E95: 65000000 | F95: =F94+D95-E95 -> 957999600
A96: 45671 | B96: Tahap 2 ongkos pasang marmer ruang tamu | C96: K9 | E96: 50000000 | F96: =F95+D96-E96 -> 907999600
B97: Pembayaran Icon plus internet | C97: C21 | E97: 1332000 | F97: =F96+D97-E97 -> 906667600
B98: Rutin Kolam renang dan travo | C98: C21 | E98: 1650000 | F98: =F97+D98-E98 -> 905017600
B99: Service AC | C99: C21 | E99: 680000 | F99: =F98+D99-E99 -> 904337600
A100: 45679 | B100: Pembelian Router Wifi | C100: K9 | E100: 10302520 | F100: =F99+D100-E100 -> 894035080
A101: 45679 | B101: Hamparan Stone | C101: K9 | E101: =250000000+178087040+4972800 -> 433059840 | F101: =F100+D101-E101 -> 460975240
...

Sheet K9
B2: Pekerjaan | C2: Brand | D2: Penawaran | F2: Pembayaran 1 | G2: Pembayaran 2 | H2: Pembayaran 3 | I2: Pembayaran 4 | J2: Pembayaran 5 | K2: Pembayaran 6 | L2: Pembayaran 7 | M2: Pembayaran 8 | N2: Sisa | O2: Total Sudah Dibayar
D3: USD | E3: Rupiah
B4: Kusen dan Pintu Utama | C4: Allure | D4: 167182 | F4: 70000 | G4: 13591 | N4: =D4-F4-G4 -> 83591 | P4: =N4*16500 -> 1379251500
B5: Interior Design K9 | C5: Sarita | E5: =94800000+71100000-23700000 -> 142200000 | F5: =Rekap!E64 -> 94800000 | G5: =Rekap!E190 -> 47400000 | N5: =E5-F5-G5-H5 -> 0
B6: Arsitek Design K9 | C6: Manthra | E6: 115000000 | F6: =Rekap!E84 -> 115000000 | N6: =E6-F6-G6-H6 -> 0
B7: Kusen dan Pintu Pendukung | C7: Astral 1 | E7: 651114046 | F7: =Rekap!E53 -> 325557023 | G7: =Rekap!E216 -> 100000000 | H7: =Rekap!E218 -> 151325688 | N7: =E7-F7-G7-H7-I7-J7-K7-L7-M7 -> 74231335
B8: Disain Taman | C8: Dhona | E8: =18000000+115785000 -> 133785000 | F8: =Rekap!E182 -> 9000000 | G8: =Rekap!E194 -> 7200000 | H8: =Rekap!E367 -> 57892500 | N8: =E8-F8-G8-H8-I8-J8-K8-L8-M8 -> 59692500
B9: Kusen dan Pintu Tambahan | C9: Astral Aplikator | E9: 211377293 | F9: =Rekap!E175 -> 105688647 | N9: =E9-F9-G9-H9-I9-J9-K9-L9-M9 -> 105688646 | P9: =N9 -> 105688646
B10: Kusen dan Pintu Kayu Lantai 1 dan 2 | C10: Asherindo SM | E10: 368000000 | F10: =Rekap!E195 -> 150000000 | G10: =Rekap!E261 -> 120000000 | H10: =Rekap!E350 -> 60000000 | N10: =E10-F10-G10-H10-I10-J10-K10-L10-M10 -> 38000000 | P10: =N10 -> 38000000
B11: Kusen dan Pintu Kayu Lantai 3 | C11: Asherindo SM | E11: 124445313 | F11: =Rekap!E351 -> 60000000 | N11: =E11-F11-G11-H11-I11-J11-K11-L11-M11 -> 64445313 | P11: =N11 -> 64445313
B12: Tambahan Kusen dan Pintu Kayu Lantai 1 dan 2 | C12: Asherindo SM | E12: 25000000 | F12: =Rekap!E255 -> 25000000 | N12: =E12-F12-G12-H12-I12 -> 0
B13: Aksesoris Engsel Pintu | C13: Asherindo SM | E13: 98870000 | F13: =Rekap!E229 -> 47150000 | G13: =Rekap!E249 -> 51720000 | N13: =E13-F13-G13-H13-I13 -> 0
B14: Tambah Aksesoris Engsel Pintu | C14: Asherindo SM | E14: 25600000 | F14: =Rekap!E378 -> 25600000 | N14: =E14-F14-G14-H14-I14 -> 0
B15: Pekerjaan AC | C15: Daikin | E15: =1000000000+150000000 -> 1150000000 | F15: =Rekap!E57 -> 404825000 | G15: =Rekap!E78 -> 250000000 | H15: =Rekap!E88 -> 250000000 | I15: =Rekap!E176 -> 150000000 | N15: =E15-F15-G15-H15-I15-J15-K15-L15-M15 -> 95175000 | P15: =N15 -> 95175000
B16: Pekerjaan Lift | C16: Schindler | E16: =405150000+16650000 -> 421800000 | F16: =Rekap!E18 -> 210900000 | G16: =Rekap!E129 -> 202575000 | N16: =E16-F16-G16-H16-I16-J16-K16-L16-M16 -> 8325000
B17: Pekerjaan Panel Surya | E17: 0 | F17: 0
B18: Plafond Area Lt 1 dan 2 | C18: Mandala Plafond | E18: 835700000 | F18: =Rekap!E71 -> 487750000 | G18: =Rekap!E141 -> 438925000 | H18: =Rekap!E161 -> 250000000 | I18: =Rekap!E263 -> 100000000 | N18: =(E18+E19+E20+E21+E22)-F18:F22-G18:G22-H18:H22-I18:I22-J18-K18-L18-M18 -> 158925000 | P18: =N18 -> 158925000
B19: Plafond Area Lt 3 | C19: Mandala Plafond | E19: 302600000
B20: Plafond Tenda Teras Kolam Renang | C20: Mandala Plafond | E20: 195000000
B21: Plafond Tambahan Revisi | C21: Mandala Plafond | E21: =13800000+6800000 -> 20600000
B22: Plafond Area Service | C22: Mandala Plafond | E22: 81700000
B23: Plafond Attic Room Lantai 3 | C23: Mandala Plafond | E23: =18700000+4600000 -> 23300000 | F23: =Rekap!E197 -> 18640000 | N23: =E23-F23-G23-H23-I23-J23-K23-L23-M23 -> 4660000
B24: Plafond Tambahan Tiang Attic Room | C24: Mandala Plafond | E24: =55100000+13700000 -> 68800000 | F24: =Rekap!E232 -> 30960000 | N24: =E24-F24-G24-H24-I24-J24-K24-L24-M24 -> 37840000
B25: Special Lighting Fasad dan Ruang Tamu | C25: Galaxindo | E25: 221450000 | F25: =Rekap!E79 -> 95000000 | G25: =Rekap!E102 -> 30000000 | H25: =Rekap!E196 -> 57000000 | I25: =Rekap!E188 -> 1450000 | N25: =E25-F25-G25-H25-I25-J25-K25-L25-M25 -> 38000000
B26: Special Lighting General Room | C26: Sena Lighting | E26: 146941250 | F26: =Rekap!E174 -> 73470625 | G26: =Rekap!E395 -> 7340000 | N26: =E26-F26-G26-H26-I26-J26-K26-L26-M26 -> 66130625
B27: Sound System Cilling | C27: Bose Distributor | E27: 160000000 | F27: =Rekap!E105 -> 80000000 | G27: =Rekap!E407 -> 64000000 | N27: =E27-F27-G27-H27-I27-J27-K27-L27-M27 -> 16000000
B28: CCTV | N28: =E28-F28-G28-H28-I28-J28-K28-L28-M28 -> 0
B29: Internet Indihome | E29: 18726000 | F29: =Rekap!E80 -> 2500000 | G29: =Rekap!E100 -> 10302520 | N29: =E29-F29-G29-H29-I29-J29-K29-L29-M29 -> 5923480
B30: Kaca Sky Light Attic Room | E30: 50000000 | F30: =Rekap!E189 -> 15000000 | G30: =Rekap!E368 -> 15170000 | N30: =E30-F30-G30-H30-I30-J30-K30-L30-M30 -> 19830000
B31: Kanopi Besi Koridor Samping Lt 3 | C31: Satria Maju Bersama | E31: 20000000 | F31: =Rekap!E198 -> 5000000 | G31: =Rekap!E224 -> 8000000 | N31: =E31-F31-G31-H31-I31-J31-K31-L31-M31 -> 7000000
B32: Kanopi Kaca Koridor Samping Lt 3 | C32: Goel | E32: 0 | F32: =Rekap!E314 -> 7000000 | G32: =Rekap!E398 -> 8300000 | N32: =E32-F32-G32-H32-I32-J32-K32-L32-M32 -> -15300000
B33: Kanopi Besi Koridor Samping Lt 2 | C33: Dedi Besi | E33: 12750000 | F33: =Rekap!E209 -> 6000000 | N33: =E33-F33-G33-H33-I33-J33-K33-L33-M33 -> 6750000
B34: Railling Tangga Depan | C34: Satria Maju Bersama | E34: 40710000 | F34: =Rekap!E86 -> 15000000 | G34: =Rekap!E135 -> 10000000 | H34: =Rekap!E148 -> 5000000 | I34: =Rekap!E147+ Rekap!E154 -> 6500000 | N34: =E34-F34-G34-H34-I34-J34-K34-L34-M34 -> 4210000
B35: Railling Tangga Belakang | C35: Satria Maju Bersama | E35: 39300000 | F35: =Rekap!E185 -> 10000000 | G35: =Rekap!E191 -> 6000000 | H35: =Rekap!E204 -> 10000000 | I35: =Rekap!E213 -> 7000000 | J35: =Rekap!E239 -> 5000000 | N35: =E35-F35-G35-H35-I35-J35-K35-L35-M35 -> 1300000
B36: Water Heater | C36: Wika WH | E36: 136200000 | F36: =Rekap!E166 -> 68100000 | G36: =Rekap!E330 -> 49032000 | H36: =Rekap!E391 -> 18048000 | N36: =E36-F36-G36-H36-I36-J36-K36-L36-M36 -> 1020000
B37: Pagar Depan | C37: Dedi Besi | E37: 29000000 | F37: =Rekap!E90 -> 15000000 | G37: =Rekap!E400 -> 2000000 | N37: =E37-F37-G37-H37-I37-J37-K37-L37-M37 -> 12000000
B38: Cover Ruang Gym Lantai 2 | C38: Dedi Besi | E38: 85450000 | F38: =Rekap!E243 -> 40000000 | N38: =E38-F38-G38-H38-I38-J38-K38-L38-M38 -> 45450000
B39: Railing Balkon Lantai 3 | C39: Dedi Besi | E39: 50000000 | F39: =Rekap!E305 -> 15000000 | G39: =Rekap!E390 -> 13875000 | N39: =E39-F39-G39-H39-I39-J39-K39-L39-M39 -> 21125000
B40: Kanopi Ruang Utillity | C40: Dedi Besi | E40: 26235000 | F40: =Rekap!E386 -> 26235000
B41: Pengerjaan Batu Aksesoris | C41: Mughni | E41: 4205000 | F41: =Rekap!E353 -> 4205000
B43: Pekerjaan Lantai (ADP Marmer)
B44: Lantai Ruang Tamu lt 1 dan Tangga | C44: Marmer Bianco Calini + Hermes dark Grey | E44: 440900000 | F44: =Rekap!E5 -> 82000000 | G44: =Rekap!E77 -> 358900000 | N44: =E44-F44-G44-H44-I44 -> 0
B45: Ongkos Pasang | E45: 159631920 | F45: =Rekap!E75 -> 80000000 | G45: =Rekap!E96 -> 50000000 | H45: =Rekap!E179*10% -> 10000000 | N45: =E45-F45-G45-H45-I45-J45-K45-L45-M45 -> 19631920 | P45: =N45 -> 19631920
B46: Ongkos Pasang Tambahan | E46: 7704000 | N46: =E46-F46-G46-H46-I46-J46-K46-L46-M46 -> 7704000 | P46: =N46 -> 7704000
B47: Lantai Teras depan dan Powder Room | C47: Travertine White Onyx + Granit Viscon White | E47: 106000000 | F47: =Rekap!E87 -> 106000000 | N47: =E47-F47-G47-H47-I47 -> 0
B48: Ongkos Pasang | E48: 29865000 | F48: =Rekap!E113 -> 15150000 | N48: =E48-F48-G48-H48-I48-J48-K48-L48-M48 -> 14715000 | P48: =N48 -> 14715000
B49: Lantai Function Room + Kamar Tamu | C49: Statuariotto + Hermes dark Gray | E49: 221400000 | F49: =Rekap!E94 -> 221400000 | N49: =E49-F49-G49-H49-I49 -> 0
B50: Ongkos Pasang | E50: 141293000 | F50: =Rekap!E95 -> 65000000 | G50: =Rekap!E116 -> 15000000 | H50: =Rekap!E124 -> 40000000 | I50: =Rekap!E179*20% -> 20000000 | N50: =E50-F50-G50-H50-I50-J50-K50-L50-M50 -> 1293000 | P50: =N50 -> 1293000
B51: Lantai Rooftop | C51: Andesit Batu | E51: 36000000 | F51: =Rekap!E89 -> 18000000 | G51: =Rekap!E92 -> 18000000 | N51: =E51-F51-G51-H51-I51 -> 0
B53: Pekerjaan Lantai (Infinity Stone)
B54: General Floor lt 3 | C54: Infinity Crystal Ice | E54: 129024000 | F54: =Rekap!E34 -> 222781440 | G54: =Rekap!E127 -> 95477760 | N54: =SUM(E54:E57)-F54-G54:G57 -> 0
B55: Kamar Tamu lt 2 + Kamar Mandi | C55: Infinity Hermitage | E55: 86016000
B56: Kamar Mandi Tamu lt 1 | C56: Infinity Orro | E56: 60211200
B57: Musolah | C57: Infinity Peacock | E57: 43008000
B58: Tambahan Infinity | C58: All Varian | E58: 98265400 | F58: =Rekap!E106 -> 78612320 | G58: =Rekap!E128 -> 19653080 | N58: =E58-F58-G58 -> 0
B59: Ongkos Pasang | E59: =131425950+14544525 -> 145970475 | F59: =Rekap!E103 -> 50000000 | G59: =Rekap!E115 -> 15000000 | H59: =Rekap!E123 -> 20000000 | I59: =Rekap!E132+Rekap!E136 -> 25000000 | J59: =Rekap!E158 -> 10000000 | K59: =Rekap!E173 -> 15000000 | L59: =Rekap!E219 -> 5000000 | N59: =E59-F59-G59-H59-I59-J59-K59-L59-M59 -> 5970475 | P59: =N59 -> 5970475
B60: Tambahan Granit Perpustakaan | C60: Granit | E60: 2613800 | F60: =Rekap!E347 -> 2613800 | N60: =E60-F60-G60 -> 0
B62: Pekerjaan Lantai (Hamparan Stone)
B63: Ruang Kerja | C63: Arabescato Greco | E63: 428087040 | F63: =Rekap!E101 -> 433059840 | N63: =(E63+E67)-F63 -> 0
B64: Tangga Ruang Private | C64: Arabescato Greco + Light Pearl
B65: Kamar Utama | C65: New Moon Cream
B66: Lobby Private dan Lobby Lift lt 1 | C66: Perla White + Black Zebra
B67: Tambahan Black Zebra | C67: Black Zebra | E67: 4972800
B68: Ongkos Pasang | E68: 260394500 | F68: =Rekap!E109 -> 70000000 | G68: =Rekap!E125 -> 40000000 | H68: =Rekap!E131 -> 60000000 | I68: =Rekap!E146 -> 30000000 | J68: =Rekap!E172 -> 20000000 | K68: =Rekap!E187 -> 10000000 | L68: =Rekap!E220 -> 15000000 | N68: =E68-F68-G68-H68-I68-J68-K68-L68-M68 -> 15394500 | P68: =N68 -> 15394500
N69: =E69-F69-G69-H69-I69-J69-K69-L69-M69 -> 0
B70: Pekerjaan Lantai (ADP Marmer) | N70: =E70-F70-G70-H70-I70-J70-K70-L70-M70 -> 0
B71: Lantai Selasar lt 2 mozaik | C71: Mozaik custom | E71: 57512430 | F71: =Rekap!E107 -> 57512430 | N71: =E71-F71-G71-H71-I71-J71-K71-L71-M71 -> 0
B72: Ongkos Pola | E72: 0 | F72: 0 | N72: =E72-F72-G72-H72-I72-J72-K72-L72-M72 -> 0
B73: Ongkos Pasang | N73: =E73-F73-G73-H73-I73-J73-K73-L73-M73 -> 0
B74: Lantai Family Room dan Lobby Lift 2 | C74: Grey Marbel + Murato Black | E74: =245400000+76200000 -> 321600000 | F74: =Rekap!E137 -> 150372000 | G74: =Rekap!E144 -> 95028000 | H74: =Rekap!E155 -> 76200000 | N74: =E74-F74-G74-H74 -> 0
B75: Ongkos Pasang | E75: 140288710 | F75: =Rekap!E145 -> 45000000 | G75: =Rekap!E179*70% -> 70000000 | N75: =E75-F75-G75-H75-I75-J75-K75-L75-M75 -> 25288710 | P75: =N75 -> 25288710
B76: Lantai Koridor Maroco | C76: Jasmine White | E76: 71918280 | F76: =Rekap!E157 -> 71918280 | N76: =E76-F76-G76 -> 0 | P76: =N76 -> 0
B77: Ongkos Pasang | E77: 49046250 | N77: =E77-F77-G77-H77-I77-J77-K77-L77-M77 -> 49046250 | P77: =N77 -> 49046250
B78: Ongkos Pasang Hand Rail | E78: 21600000 | N78: =E78-F78-G78-H78-I78-J78-K78-L78-M78 -> 21600000 | P78: =N78 -> 21600000
B80: Pekerjaan Lantai (ADP Marmer)
B81: Lantai/Dinding Master Bathroom | C81: Moon Cream | E81: 89593680 | F81: =Rekap!E288 -> 89593680 | N81: =E81-F81-G81-H81-I81 -> 0
B82: Ongkos Pasang | F82: =Rekap!E369 -> 40000000 | G82: =Rekap!E417 -> 20000000 | N82: =E82-F82-G82-H82-I82 -> -60000000
B84: Pekerjaan Lantai Marmer Sisa
B85: Ongkos Pasang KM R. Kerja | E85: 12000000 | F85: =Rekap!E200 -> 2000000 | G85: =Rekap!E201 -> 5000000 | H85: =Rekap!E202 -> 1000000 | N85: =E85-F85-G85-H85-I85-J85-K85-L85-M85 -> 4000000
B86: Ongkos Pasang Tangga Taman
B87: Ongkos Pasang Koridor Storage lt 2
B89: Pekerjaan Lantai (Sehati Kramik)
B90: Lantai Garasi dan Area Service | C90: Granite Tile | E90: 45010000 | F90: =Rekap!E138 -> 45010000 | N90: =E90-F90-G90 -> 0
B91: Ongkos Pasang
B92: Kramik Lantai KM Tamu dan Ibu | C92: Granite Tile | E92: 3298000 | F92: =Rekap!E153 -> 3298000 | N92: =E92-F92-G92 -> 0
B93: Lantai Kamar Mandi Lt 3 | C93: Granite Tile | E93: 99903000 | F93: =Rekap!E164 -> 99903000 | N93: =E93-F93-G93 -> 0
B94: Kramik Mozaik | C94: Granite Tile | E94: 11165232 | F94: =Rekap!E163 -> 11165232 | N94: =E94-F94-G94 -> 0
B95: Ongkos Pasang | E95: 50000000 | F95: =Rekap!E193 -> 4000000 | G95: =Rekap!E221+Rekap!E222 -> 4090000 | H95: =Rekap!E225+Rekap!E227+Rekap!E231+Rekap!E236+Rekap!E238+Rekap!E246 -> 23910000 | I95: =Rekap!E256 -> 1000000 | J95: =Rekap!E265+Rekap!E264 -> 8510000 | K95: =Rekap!E300+Rekap!E299 -> 7040000 | N95: =E95-F95-G95-H95-I95-J95-K95-L95-M95 -> 1450000
B96: Keramik Tambahan KM lt 3 | C96: Granite Tile | E96: 1905000 | F96: =Rekap!E205 -> 1905000 | N96: =E96-F96-G96 -> 0
B97: Keramik Tambahan KM lt 3 | C97: Granite Tile | E97: 3393000 | F97: =Rekap!E212 -> 3393000 | N97: =E97-F97-G97 -> 0
B98: Keramik Tambahan KM dan Library lt 3 | C98: Granite Tile | E98: 9720660 | F98: =Rekap!E244+Rekap!E245 -> 9720660 | N98: =E98-F98-G98 -> 0
B99: Kramik Mozaik Office | C99: Granite Tile | E99: 5730000 | F99: =Rekap!E310 -> 5730000 | N99: =E99-F99-G99 -> 0
B100: Ongkos Pasang | E100: 50000000 | G100: =Rekap!E317+Rekap!E319+Rekap!E324+Rekap!E325+Rekap!E326+Rekap!E312 -> 9693744 | H100: =Rekap!E332 -> 5740000 | I100: =Rekap!E344 -> 6250000 | N100: =E100-F100-G100-H100-I100-J100-K100-L100-M100 -> 28316256 | P100: =N100 -> 28316256
B103: Pekerjaan Meja Marmer
B104: Meja Marmer lt 2 | C104: ADP Marmer | E104: 35835480 | F104: =Rekap!E217 -> 35478000 | G104: =Rekap!E278 -> 357480 | N104: =E104-F104-G104 -> 0
B105: Tambahan Meja Marmer lt 2 | C105: ADP Marmer | E105: 7848360 | F105: =Rekap!E277 -> 7848360 | N105: =E105-F105-G105 -> 0
B106: Ongkos Pasang | F106: =Rekap!E321 -> 10000000
B108: Interior Produksi
B109: Ruang Tamu | C109: Build Dec Interior | E109: 775040000 | F109: =Rekap!E91 -> 10000000 | G109: =Rekap!E118 -> 188760000 | H109: =Rekap!E134 -> 188760000 | I109: =Rekap!E150 -> 150000000 | J109: =Rekap!E180 -> 150000000 | K109: =Rekap!E210 -> 70000000 | N109: =E109-F109-G109-H109-I109-J109-K109:K111 -> 17520000
B110: Ruang Kerja
...

Sheet K8
B2: Pekerjaan | C2: Brand | D2: Penawaran | F2: Pembayaran 1 | G2: Pembayaran 2 | H2: Pembayaran 3 | I2: Pembayaran 4 | N2: Sisa | O2: Total Sudah Dibayar
D3: USD | E3: Rupiah
B4: Pekerjaan AC Ruangan | C4: Daikin | E4: 63954400 | F4: =Rekap!E228+Rekap!E230 -> 63954400 | N4: =E4-F4-G4-H4 -> 0
B5: Pekerjaan AC Kamar | C5: Gree | E5: 22333075 | F5: =Rekap!E253 -> 16733000 | G5: =Rekap!E298 -> 5600075 | N5: =E5-F5-G5-H5 -> 0
B6: Pekerjaan Cat Ruangan | C6: Tukang | F6: =Rekap!E235 -> 3017000 | N6: =E6-F6-G6-H6 -> -3017000
B7: Perbaikan Lampu | C7: Tukang Shopee | E7: 5577890 | F7: =Rekap!E233+Rekap!E237 -> 2309260 | G7: =Rekap!E269+Rekap!E270+Rekap!E271 -> 2880840 | H7: =Rekap!E281+Rekap!E290 -> 387790 | N7: =E7-F7-G7-H7 -> 0
B8: Perbaikan Interior | C8: rumahgue.id | E8: 35000000 | F8: =Rekap!E240+Rekap!E241 -> 21808000 | G8: =Rekap!E247 -> 6000000 | H8: =Rekap!E266 -> 6730000 | N8: =E8-F8-G8-H8 -> 462000
B9: Pembuatan Pager Kemang | C9: Tukang | E9: 50000000 | F9: =Rekap!E242 -> 8203000 | G9: =Rekap!E250 -> 4935000 | H9: =Rekap!E252 -> 30600000 | I9: =Rekap!E262 -> 1740000 | J9: =Rekap!E273+Rekap!E274 -> 1975000 | K9: =Rekap!E283 -> 6990000 | L9: =Rekap!E304+Rekap!E306+Rekap!E313+Rekap!E318 -> 9705720 | N9: =E9-F9-G9-H9 -> 6262000
B10: Pembelian Pohon | C10: Akmal | E10: 8800000 | F10: =Rekap!E248 -> 5800000 | G10: =Rekap!E258 -> 3000000 | N10: =E10-F10-G10-H10 -> 0
B11: Pembelian Sanitary | C11: Toto | F11: =Rekap!E267+Rekap!E268 -> 3385760 | G11: =Rekap!E272 -> 1027400 | H11: =Rekap!E282 -> 11007826 | I11: =Rekap!E286+Rekap!E287+Rekap!E284 -> 5571784 | J11: =Rekap!E329 -> 256946 | N11: =E11-F11-G11-H11 -> -15420986
B12: Pembelian Keramik | C12: Roman | E12: 10735000 | F12: =Rekap!E294 -> 10735000 | N12: =E12-F12-G12-H12 -> 0
B13: Pekerjaan Paving depan | C13: Sentracon | E13: 15000000 | F13: =Rekap!E292 -> 8000000 | G13: =Rekap!E296+Rekap!E297 -> 2497500 | H13: =Rekap!E302+Rekap!E307+Rekap!E320+Rekap!E323+Rekap!E328 -> 3875000 | I13: =Rekap!E308+Rekap!E315+Rekap!E327+Rekap!E334 -> 10000000 | J13: =Rekap!E309 -> 7000000 | K13: =Rekap!E311+Rekap!E316 -> 3625000 | N13: =E13-F13-G13-H13 -> 627500
B14: Pekerjaan Perapihan Taman | C14: PPSU | E14: 3000000 | F14: =Rekap!E293 -> 3000000 | G14: =Rekap!E295 -> 2000000 | N14: =E14-F14-G14-H14 -> -2000000
B15: Pembelian Batu dan Pasang | C15: Mughni | E15: 20100000 | F15: =Rekap!E289 -> 6100000 | G15: =Rekap!E322 -> 1950000 | H15: =Rekap!E342+Rekap!E343 -> 20755000 | I15: =Rekap!E341 -> 14070000 | J15: =Rekap!E348+Rekap!E349+Rekap!E354+Rekap!E359+Rekap!E362 -> 8913000 | N15: =E15-F15-G15-H15 -> -8705000
B16: Pemasangan Kayu | F16: =Rekap!E357+Rekap!E358 -> 3195575 | N16: =E16-F16-G16-H16 -> -3195575
B17: Gaji Tukang | F17: =Rekap!E361 -> 6200000
B18: Pemasangan Batu Tabur Pendopo | C18: Kadir | F18: =Rekap!E363 -> 5500000
B19: Pembuatan Jembatan | C19: Dedi | E19: 105000000 | F19: =Rekap!E331 -> 75000000 | G19: =Rekap!E345 -> 15000000 | H19: =Rekap!E360 -> 10000000 | N19: =E19-F19-G19-H19 -> 5000000
B20: Pembuatan Pager Tanaman | C20: Dedi | E20: 11400000
B21: Pembuatan Fasad | C21: Soni | E21: 350000000 | F21: =Rekap!E333 -> 150000000 | G21: =Rekap!E337 -> 100000000 | N21: =E21-F21-G21-H21 -> 100000000
B22: Bahan Pasang Listrik dan Lampu | C22: Iwan | F22: =Rekap!E365 -> 1900000
B24: Pembelian TV | C24: Hartono Mall | F24: =Rekap!E340 -> 23100000
N25: =E25-F25-G25-H25 -> 0
N26: =E26-F26-G26-H26 -> 0
B27: Pembayaran Listrik Januari | F27: =Rekap!E276 -> 1892537 | N27: =E27-F27-G27-H27 -> -1892537
B28: Pembayaran Listrik Februari | F28: =Rekap!E338 -> 2729719 | N28: =E28-F28-G28-H28-I28 -> -2729719
E31: =SUM(E7:E29) -> 614612890 | F31: =SUM(F4:F29) -> 422563251 | G31: =SUM(G4:G29) -> 144890815 | H31: =SUM(H4:H29) -> 83355616 | I31: =SUM(I4:I29) -> 31381784 | J31: =SUM(J4:J29) -> 18144946 | K31: =SUM(K4:K29) -> 10615000 | L31: =SUM(L4:L29) -> 9705720 | N31: =SUM(N7:N29) -> 78407683 | O31: =F31+G31+H31+I31+J31+K31+L31 -> 720657132

Sheet C21
B2: Pekerjaan | C2: Brand | D2: Penawaran | F2: Pembayaran 1 | G2: Pembayaran 2 | H2: Pembayaran 3 | I2: Pembayaran 4 | N2: Sisa | O2: Total Sudah Dibayar
D3: USD | E3: Rupiah
B4: Pekerjaan AC Ruangan | C4: Daikin | N4: =E4-F4-G4-H4 -> 0
B5: Pekerjaan AC Kamar | C5: Gree | N5: =E5-F5-G5-H5 -> 0
B6: Pekerjaan Cat Ruangan | C6: Tukang | N6: =E6-F6-G6-H6 -> 0
B7: Perbaikan Lampu | C7: Tukang Shopee | N7: =E7-F7-G7-H7 -> 0
B8: Perbaikan Interior | C8: rumahgue.id | N8: =E8-F8-G8-H8 -> 0
B9: Pembuatan Pager Kemang | C9: Tukang | N9: =E9-F9-G9-H9 -> 0
B10: Pembelian Pohon | C10: Akmal | N10: =E10-F10-G10-H10 -> 0
B11: Pembelian Sanitary | C11: Toto | N11: =E11-F11-G11-H11 -> 0
B12: Pembelian Keramik | C12: Roman | N12: =E12-F12-G12-H12 -> 0
B13: Pekerjaan Paving depan | C13: Sentracon | N13: =E13-F13-G13-H13 -> 0
B14: Pekerjaan Perapihan Taman | C14: PPSU | N14: =E14-F14-G14-H14 -> 0
B15: Pembelian Batu dan Pasang | C15: Mughni | N15: =E15-F15-G15-H15 -> 0
B16: Pemasangan Kayu | N16: =E16-F16-G16-H16 -> 0
B17: Gaji Tukang
B18: Pemasangan Batu Tabur Pendopo | C18: Kadir
B19: Pembuatan Jembatan | C19: Dedi | N19: =E19-F19-G19-H19 -> 0
B20: Pembuatan Pager Tanaman | C20: Dedi
B21: Pembuatan Fasad | C21: Soni | N21: =E21-F21-G21-H21 -> 0
B22: Bahan Pasang Listrik dan Lampu | C22: Iwan
B24: Pembelian TV | C24: Hartono Mall
N25: =E25-F25-G25-H25 -> 0
N26: =E26-F26-G26-H26 -> 0
B27: Pembayaran Listrik Januari | N27: =E27-F27-G27-H27 -> 0
B28: Pembayaran Listrik Februari | N28: =E28-F28-G28-H28-I28 -> 0
E31: =SUM(E7:E29) -> 0 | F31: =SUM(F4:F29) -> 0 | G31: =SUM(G4:G29) -> 0 | H31: =SUM(H4:H29) -> 0 | I31: =SUM(I4:I29) -> 0 | J31: =SUM(J4:J29) -> 0 | K31: =SUM(K4:K29) -> 0 | L31: =SUM(L4:L29) -> 0 | N31: =SUM(N7:N29) -> 0 | O31: =F31+G31+H31+I31+J31+K31+L31 -> 0

Sheet Kebutuhan
A1: Nama Ruangan | B1: Lantai | C1: Progress | D1: Kekurangan | E1: Tipe Barang
A2: Powder Room Ruang Tamu | B2: Lantai 1 | D2: Westafle
D3: Keran Westafle
D4: Kabinet
D5: Airpurefire
D6: Kloset | E6: Kohler
A7: Kamar Mandi Tamu | B7: Lantai 1 | D7: Westafle
D8: Keran Westafle
D9: Kaca Shower
D10: Shower | E10: Toto
D11: Kloset | E11: Kohler
A12: Kamar Mandi Office | B12: Lantai 1 | D12: Westafle
D13: Keran Westafle
D14: Kaca Shower
D15: Shower | E15: Toto
D16: Kloset | E16: Toto
A17: Kamar Mandi Eyang | B17: Lantai 2 | D17: Westafle
D18: Keran Westafle
D19: Kabinet
D20: Kaca Shower
D21: Shower
D22: Kloset
A23: Powder Room Ungu | B23: Lantai 2 | D23: Westafle
D24: Keran Westafle
D25: Kabinet
D26: Airpurefire
D27: Kloset
A28: Kamar Mandi Fira | B28: Lantai 3 | D28: Westafle
D29: Keran Westafle
D30: Kabinet
D31: Kaca Shower
D32: Shower
D33: Kloset
A34: Kamar Mandi Rara | B34: Lantai 3 | D34: Westafle
D35: Keran Westafle
D36: Kabinet
D37: Kaca Shower
D38: Shower
D39: Kloset
A40: Kamar Mandi Zahra | B40: Lantai 3 | D40: Westafle
D41: Keran Westafle
D42: Kabinet
D43: Kaca Shower
D44: Shower
D45: Kloset
A46: Kamar Mandi Roof Top | B46: Lantai 4 | D46: Westafle
D47: Keran Westafle
D48: Kabinet
D49: Kaca Shower
D50: Shower
D51: Kloset
